nom	année	notes	adresse	horaires
Marin	1885		Paillencourt (Nord)	
Marion	1854		à Fontvielle (B.-du-Rhône)	
Martin	1893		à Sassenage (Isère)	
Martin	1875		à St-Elix (Haute-Garonne)	
Martin	1886		à Bruges (Gironde)	
Martin	1865		au Pin (Indre)	
Martineau	1872		à Coulonges (Deux-Sèvres)	
Martinet	1847		à Sardent (Creuse)	
Mascré	1880		à Herbecourt (Somme)	
Massimi	1859		St-Florent (Corse)	
Massimi			Moltifas (Corse)	
Massiani	1864		Novella (Corse)	
Massina	1881		à Oms (Pyrén.-Orient.)	
Massot	1863		à Bussy (Yonne)	
Massu	1865		à Roquigny (Ardennes)	
Masure			Wail (Pas-de-Calais)	
Masure			Œuf (Pas-de-Calais)	
Mathieu	1888		à Mouchard (Jura)	
Matteo			à Roquebillière (Alpes-Maritimes)	
Maumy	1897		à Ahun (Creuse)	
Mauvoisin			St-Lon (Landes)	
May	1897		à Sillans (Isère)	
Maynier			à Champdeniers (Deux-Sèvres)	
Mazin	1885		Solignac (Hte-Vienne)	
Medici	1897		à Levet (Cher)	
Melgrani	1868	❈	Ajaccio (Corse)	
Melgrani			à Ajaccio (Corse)	
Mension	1880		à Longpré (Somme)	
Menuau	1855		à Trélazé (Maine-et-Loire)	
Menut-du-Buguet	1860	❈	Vernoil-le-Fourrier (Maine-et-Loire)	
Menut	1869		à Ginasservis (Var)	
Mercier	1860		à Gamaches (Somme)	
Mercier	1886		à Mailly (Somme)	
Mercier	1869		à Pas (Pas-de-Calais)	
Mérieux	1866	O	à Asfeld (Ardennes)	
Messimy (de)	1884		Puéchabon (Hér.)	
Métivier	1884		à Saumur (Maine-et-L.)	
Metifeu	1879		à Bubry (Morbihan)	
Métoz	1875	❈	à Isle (Doubs)	
Meunier	1885		à Meximieux (Ain)	
Meunier	1847		à Isle-sur-Olonne (Vendée)	
Mialaret	1845		à Bassens (Gironde)	
Michel	1874		à Igny (Hte-Saône)	
Micheneau	1870		à St-Fulgent (Vendée)	
Millet	1893		à Dieppe (Seine-Inf.)	
Milleret	1884		à Apremont (Hte-Saône)	
Millienne			à Carquefeu (Loire-Infér.)	
Minne	1887		à Plomion (Aisne)	
Miomandre	1884		à Volère (Puy-de-D.)	
Mitifiot	1869		à St-Remy (Bouches-du-Rhône)	
Moindreau	1853		à Montrichard (Loir-et-Cher)	
Moiret			à St-Soufflet (Nord)	
Monard	1863		à Sains (Somme)	
Monges	1876		à Gréoux (Basses-Alpes)	
Monneret			à Wargnier (Nord)	
Monnier	1879		Philippeville (Constant.)	
Mônod	1895		Charquemont (Doubs)	
Montbet	1877		à Toulouse	
Montigny			à Clary (Nord)	
Montirossi	1886		Palasca (Corse)	
Montmain	1895		à St-Trivier (Ain)	
Morazzani	1874		à Zicavo (Corse)	
Morel	1886		Vron (Somme)	
Morel			à Villiers-le-Duc (Côte-d'Or)	
Morel	1860		à Ecouché (Orne)	
Morucci	1898		Marseille	
Mossot	1863		Bussy-en-Othe (Yonne)	
Mougès	1850		à Prayssas (Lot-et-Gar.)	
Moureyre	1867		Valuéjols (Cantal)	
Mourniac	1893		Serandon (Corrèze)	
Mouton	1886		Ouve-Wirquin (P.-de-C.)	
Moutonet	1882		La Tour d'Aigues (Vaucluse)	
Moyencourt	1891		Marcelave (Somme)	
Mozac	1885		à Marsac (Puy-de-Dôme)	
Multedo	1868		Vico (Corse)	
Murie	1876		à Chatellerault (Vienne)	
Nadaud	1895		aux Billanges (Hte-V.)	
Nadaud	1857		à St-Barhelemy (Dord.)	
Natta-Soleri	1868		à Menton (Alpes-Maritimes)	
Nau	1885		Coutras (Gir.)	
Naureils	1847		à Beylongue (Landes)	
Navault			Arleuf (Nièvre)	
Nicolai	1871		à Bastia (Corse)	
Nicoleau	1865		à Nieul-le-Dolent (Vendée)	
Nicolet	1891		à Jonquières (Vaucluse)	
Nicolle	1885		Lambezellec (Finistère)	
Niquet	1851		à Huppy (Somme)	
Niquet	1884		à Suleux (Somme)	
Noyon	1892		Roubaix (Nord)	
Nozo	1857		à Ham (Somme)	
Oddo			Espagne 4, Tunis	
Offand	1891		Sorgues (Vaucluse)	
Oger			Desvres (P.-de-C.)	
Ollivier			à Feneu (Maine-et-Loire)	
Ollivier			à Wallers (Nord)	
Onffroy de la Rosière	1891		Sixte (Ille-et-Vilaine)	
Oudin	1872		à Fillièvre (Pas-de-Calais)	
Oudiné	1884		à Barbonne (Marne)	
Ozanne	1866		à Longny (Orne)	
Pader	1852		à St-Jean-Poudge (Gers)	
Pahier	1851		Le Pertre (I.-et-V.)	
